{
  "num_examples": 500,
  "avg_EM": 0.398,
  "avg_F1": 0.5479756423307777,
  "avg_Recall@k_answer": 0.828,
  "avg_Recall@k_support_titles": 0.994,
  "latency_p50": 2.3162344694137573,
  "latency_p95": 3.0695729494094848,
  "chunk_size": 128,
  "top_k": 8
}