{
  "num_examples": 500,
  "avg_EM": 0.176,
  "avg_F1": 0.29062377067377065,
  "avg_Recall@k_answer": 0.52,
  "avg_Recall@k_support_titles": 0.948,
  "latency_p50": 0.49719715118408203,
  "latency_p95": 0.7392934799194336,
  "chunk_size": 32,
  "top_k": 5
}