{
  "num_examples": 500,
  "avg_EM": 0.12,
  "avg_F1": 0.2565847000929354,
  "avg_Recall@k_answer": 0.428,
  "avg_Recall@k_support_titles": 0.842,
  "latency_p50": 0.575777530670166,
  "latency_p95": 0.6820236682891845,
  "chunk_size": 256,
  "top_k": 1
}