{
  "num_examples": 7405,
  "avg_EM": 0.11964888588791357,
  "avg_F1": 0.25367320141038635,
  "avg_Recall@k_answer": 0.3914922349763673,
  "avg_Recall@k_support_titles": 0.8066171505739366,
  "latency_p50": 0.580209493637085,
  "latency_p95": 0.6766658306121827,
  "chunk_size": 256,
  "top_k": 1
}