{
  "num_examples": 500,
  "avg_EM": 0.258,
  "avg_F1": 0.39644656611362494,
  "avg_Recall@k_answer": 0.41,
  "avg_Recall@k_support_titles": 0.85,
  "latency_p50": 1.030349612236023,
  "latency_p95": 1.1879382133483887,
  "chunk_size": 128,
  "top_k": 1
}