{
  "num_examples": 500,
  "avg_EM": 0.138,
  "avg_F1": 0.2709201281334942,
  "avg_Recall@k_answer": 0.41,
  "avg_Recall@k_support_titles": 0.85,
  "latency_p50": 0.5702333450317383,
  "latency_p95": 0.6265008926391602,
  "chunk_size": 128,
  "top_k": 1
}