{
  "num_examples": 500,
  "avg_EM": 0.204,
  "avg_F1": 0.36033882831770164,
  "avg_Recall@k_answer": 0.794,
  "avg_Recall@k_support_titles": 0.98,
  "latency_p50": 0.7792643308639526,
  "latency_p95": 1.1381868958473205,
  "chunk_size": 256,
  "top_k": 5
}