{
  "num_examples": 7405,
  "avg_EM": 0.1612424037812289,
  "avg_F1": 0.3074593675568757,
  "avg_Recall@k_answer": 0.7440918298446996,
  "avg_Recall@k_support_titles": 0.9544902093180283,
  "latency_p50": 1.1887493133544922,
  "latency_p95": 1.5076925754547117,
  "chunk_size": 128,
  "top_k": 10
}