{
  "num_examples": 500,
  "avg_EM": 0.29,
  "avg_F1": 0.43692464906356404,
  "avg_Recall@k_answer": 0.52,
  "avg_Recall@k_support_titles": 0.948,
  "latency_p50": 1.2901746034622192,
  "latency_p95": 1.4186055183410644,
  "chunk_size": 32,
  "top_k": 5
}