{
  "num_examples": 7405,
  "avg_EM": 0.1489534098582039,
  "avg_F1": 0.29122581585689583,
  "avg_Recall@k_answer": 0.67575962187711,
  "avg_Recall@k_support_titles": 0.9281566509115462,
  "latency_p50": 0.7119758129119873,
  "latency_p95": 0.9957141399383544,
  "chunk_size": 128,
  "top_k": 5
}