{
  "num_examples": 500,
  "avg_EM": 0.198,
  "avg_F1": 0.3596408952737934,
  "avg_Recall@k_answer": 0.786,
  "avg_Recall@k_support_titles": 0.982,
  "latency_p50": 0.6931151151657104,
  "latency_p95": 1.0071374058723448,
  "chunk_size": 128,
  "top_k": 5
}